id,user_id,selected_topics,goal,query_embedding_cache,created_at
1,usr_bala_cold,"[""Agentic AI"", ""Machine Learning""]",Get hired as an AI engineer,,2026-03-02 09:10:00
2,usr_sol_viewer,"[""Agentic AI"", ""Machine Learning""]",Get hired as an AI engineer,,2026-03-05 09:10:00
3,usr_freed_viewer,"[""Agentic AI"", ""Machine Learning""]",Get hired as an AI engineer,,2026-03-08 09:10:00
4,usr_sam_shifter,"[""Agentic AI"", ""Machine Learning""]",Get hired as an AI engineer,,2026-03-11 09:10:00
5,usr_sparse_tag,"[""Mobile Development""]",Build a project,,2026-03-14 09:10:00
6,usr_priya_learner,"[""Generative AI"", ""Python for AI""]",Ship a side project,,2026-03-20 09:10:00
7,usr_owen_learner,"[""Business & Finance"", ""Career Skills""]",Move into a leadership role,,2026-03-23 09:10:00
8,usr_lena_learner,"[""Product & Design"", ""Career Skills""]",Switch careers into tech,,2026-03-26 09:10:00
9,usr_ravi_learner,"[""Mobile Development"", ""Product & Design""]",Launch an app,,2026-03-29 09:10:00
